Query,Answer
What are the hostel facilities available?,"The hostel provides furnished rooms, Wi-Fi, laundry services, and common rooms for recreation."
How can I apply for hostel accommodation?,You can apply for hostel accommodation through the student portal during the admission process.
Are there separate hostels for boys and girls?,"Yes, the campus has separate hostels for boys and girls, each with dedicated wardens."
Could you describe what are the hostel rules and timings?,"Hostel rules include curfew timings, visitor policies, and guidelines to ensure a safe living environment."
What is the admission process?,"Admissions are based on entrance exams, merit, and interviews, depending on the program."
Are there any entrance exams required?,"Yes, some programs require entrance exams. Check the admissions brochure for details."
What documents are needed for admission?,"You need academic transcripts, ID proof, entrance exam scores, and passport-sized photos."
Is there any admission helpline available?,"Yes, the admissions office provides support via email and phone during business hours."
What scholarships are offered?,"Merit-based, need-based, and sports scholarships are available. Details are on the scholarships page."
How to apply for scholarships?,Submit the scholarship form online along with required documents during the admission process.
Are scholarships renewed every year?,Scholarships are renewed annually based on academic performance and other criteria.
Is there financial aid for international students?,"Yes, limited scholarships are available for international students based on merit and need."
What is campus life like?,"Campus life is vibrant, with various clubs, cultural events, and academic activities throughout the year."
Are there common areas for students to relax?,"Indeed, there are student lounges, gardens, and recreational areas for students to relax and socialize."
What safety measures are in place on campus?,"The campus has 24/7 security, CCTV surveillance, and emergency response systems."
Are there any mentorship programs?,"Yes, mentorship programs connect students with faculty and senior peers for guidance."
How is the hostel environment?,"The hostel offers a supportive environment with study groups, recreational activities, and cultural nights."
What are the dining options in the hostel?,The hostel mess provides nutritious meals with vegetarian and non-vegetarian options.
Is there Wi-Fi available in hostels?,"Certainly, all hostels have high-speed Wi-Fi for academic and personal use."
What recreational activities are available in hostels?,"Hostels have indoor games, TV rooms, and fitness areas for relaxation and leisure."
How do I join campus clubs?,Join clubs during the annual club fair or by signing up with the respective club coordinators.
What are the popular clubs on campus?,"Popular clubs include coding clubs, dance societies, debate teams, and photography groups."
Are there inter-college competitions?,"Certainly, students regularly participate in inter-college technical, cultural, and sports competitions."
Can students form new clubs?,Students can propose new clubs by submitting a plan to the student council for approval.
What are popular after-college activities?,"Students engage in workshops, part-time jobs, and explore local attractions after classes."
Are there evening sports sessions?,"Absolutely, evening sports sessions are held on the sports ground, including football and cricket matches."
Is there support for performing arts?,"Absolutely, cultural committees support music, dance, and theater activities with regular performances."
Can students volunteer for social causes?,Volunteer opportunities are available with campus clubs and local NGOs for community service.
What food options are available on campus?,The campus has multiple food courts offering diverse cuisines at affordable prices.
Are there vegetarian food options?,"Yes, vegetarian options are available in all campus eateries and the hostel mess."
Does the campus have cafes?,"Yes, there are cafes serving snacks, beverages, and light meals perfect for study breaks."
Are late-night snacks available?,"Absolutely, some cafes and vending machines are accessible late at night for snacks."
What are the library timings?,The library is open from 8 AM to 10 PM on weekdays and 9 AM to 5 PM on weekends.
Can I borrow books from the library?,"Indeed, students can borrow books using their ID card for a specified duration."
Are digital resources available?,"Yes, the library offers access to e-books, journals, and research databases."
Is there a quiet study area?,"Yes, designated quiet zones are available in the library for focused study."
Is there a gym on campus?,"Yes, the campus gym is equipped with modern fitness equipment and personal trainers."
What are the gym timings?,"The gym is open from 6 AM to 9 PM, with separate sessions for men and women."
Are there group fitness classes?,"Indeed, group fitness classes like yoga, Zumba, and aerobics are conducted regularly."
Do students need to pay for the gym?,"Gym membership is included in hostel fees, and day scholars can subscribe separately."
What are the placement statistics?,The placement cell publishes annual reports showcasing placement percentages and top recruiters.
Which companies visit for placements?,"Top companies from IT, finance, and consulting sectors visit for campus placements."
Is there pre-placement training?,"Yes, pre-placement training includes mock interviews, resume building, and aptitude tests."
How do I register for placements?,Register through the placement portal by submitting required documents and preferences.
What awards are given to students?,"Awards include academic excellence, leadership, innovation, and community service recognitions."
Are there scholarships for top performers?,"Yes, top-performing students receive merit scholarships and academic awards each semester."
How are award winners selected?,"Award recipients are chosen based on academic records, extracurricular achievements, and leadership roles."
Is there a convocation ceremony?,"Yes, the convocation ceremony includes degree conferral and award presentations for graduates."
What is the faculty-student ratio?,The faculty-student ratio ensures personalized attention and effective mentorship.
Are faculty members industry-experienced?,Many faculty members have extensive industry experience and academic expertise.
How accessible are faculty members?,Faculty members are available during office hours and by appointment for student consultations.
Do faculties engage in research?,"Yes, faculty members actively participate in research projects and publish in reputed journals."
Could you describe what sports facilities are available?,"Facilities include cricket grounds, football fields, tennis courts, and indoor sports complexes."
Are there sports scholarships?,"Yes, sports scholarships are awarded based on performance in national and state-level events."
Is there a sports fest?,An annual sports fest invites participation from various colleges in multiple disciplines.
Can beginners join sports teams?,"Yes, beginners can join training sessions and represent the college after selection trials."
What major events are held on campus?,"Annual tech fests, cultural nights, and sports tournaments are key highlights of campus life."
How can I participate in events?,Event registrations are announced on the student portal and campus notice boards.
Are there guest lectures?,Renowned industry experts and alumni are invited for guest lectures throughout the academic year.
What cultural festivals are organized?,"Cultural festivals include dance competitions, music shows, and drama performances celebrating diversity."
Does the college offer online courses?,"Yes, online certifications in data science, AI, and management are available through partner platforms."
Are online courses part of the curriculum?,Some online courses are integrated into the curriculum for skill enhancement.
Can students get credits for online courses?,"Indeed, select online courses are credit-eligible after meeting performance criteria."
Can you tell me what platforms offer online learning?,"Partnerships with Coursera, edX, and Udacity enable access to various professional courses."
Does the college provide internship opportunities?,The placement cell collaborates with companies to offer internships in various domains.
Are internships mandatory for graduation?,Internships are mandatory for certain programs as part of the curriculum.
Can students pursue international internships?,"Indeed, international internship opportunities are available through global partnerships."
How do I apply for internships?,Students can apply via the placement portal or approach faculty advisors for guidance.
What on-campus facilities are available?,"Facilities include health centers, bookstores, stationery shops, and banking services."
Are there part-time jobs on campus?,"Yes, part-time roles like library assistants and research aides are available for students."
Is on-campus accommodation available for all students?,"Hostel accommodation is provided on a first-come, first-served basis with priority for freshmen."
Are there meal plans for day scholars?,Day scholars can opt for meal plans providing access to campus dining facilities.
What tech courses are available?,"Courses in computer science, AI, cybersecurity, and data analytics are offered for tech enthusiasts."
Are there non-tech courses available?,"Non-tech options include psychology, business management, media studies, and literature programs."
Can students switch courses after admission?,"Course changes are allowed during the add-drop period, subject to academic regulations."
Are interdisciplinary courses available?,"Yes, students can enroll in interdisciplinary electives blending technology, business, and humanities."
Can you tell me what are the hostel facilities available?,"The hostel provides furnished rooms, Wi-Fi, laundry services, and common rooms for recreation."
How can I apply for hostel accommodation?,You can apply for hostel accommodation through the student portal during the admission process.
Are there separate hostels for boys and girls?,"Yes, the campus has separate hostels for boys and girls, each with dedicated wardens."
What are the hostel rules and timings?,"Hostel rules include curfew timings, visitor policies, and guidelines to ensure a safe living environment."
What is the admission process?,"Admissions are based on entrance exams, merit, and interviews, depending on the program."
Are there any entrance exams required?,"Yes, some programs require entrance exams. Check the admissions brochure for details."
Could you describe what documents are needed for admission?,"You need academic transcripts, ID proof, entrance exam scores, and passport-sized photos."
Is there any admission helpline available?,"Yes, the admissions office provides support via email and phone during business hours."
What scholarships are offered?,"Merit-based, need-based, and sports scholarships are available. Details are on the scholarships page."
What's the process to to apply for scholarships?,Submit the scholarship form online along with required documents during the admission process.
Are scholarships renewed every year?,Scholarships are renewed annually based on academic performance and other criteria.
Is there financial aid for international students?,"Yes, limited scholarships are available for international students based on merit and need."
What is campus life like?,"Campus life is vibrant, with various clubs, cultural events, and academic activities throughout the year."
Are there common areas for students to relax?,"Yes, there are student lounges, gardens, and recreational areas for students to relax and socialize."
What safety measures are in place on campus?,"The campus has 24/7 security, CCTV surveillance, and emergency response systems."
Are there any mentorship programs?,"Yes, mentorship programs connect students with faculty and senior peers for guidance."
How is the hostel environment?,"The hostel offers a supportive environment with study groups, recreational activities, and cultural nights."
What are the dining options in the hostel?,The hostel mess provides nutritious meals with vegetarian and non-vegetarian options.
Is there Wi-Fi available in hostels?,"Yes, all hostels have high-speed Wi-Fi for academic and personal use."
What recreational activities are available in hostels?,"Hostels have indoor games, TV rooms, and fitness areas for relaxation and leisure."
How do I join campus clubs?,Join clubs during the annual club fair or by signing up with the respective club coordinators.
Could you describe what are the popular clubs on campus?,"Popular clubs include coding clubs, dance societies, debate teams, and photography groups."
Are there inter-college competitions?,"Yes, students regularly participate in inter-college technical, cultural, and sports competitions."
Can students form new clubs?,Students can propose new clubs by submitting a plan to the student council for approval.
What are popular after-college activities?,"Students engage in workshops, part-time jobs, and explore local attractions after classes."
Are there evening sports sessions?,"Indeed, evening sports sessions are held on the sports ground, including football and cricket matches."
Is there support for performing arts?,"Yes, cultural committees support music, dance, and theater activities with regular performances."
Can students volunteer for social causes?,Volunteer opportunities are available with campus clubs and local NGOs for community service.
What food options are available on campus?,The campus has multiple food courts offering diverse cuisines at affordable prices.
Are there vegetarian food options?,"Yes, vegetarian options are available in all campus eateries and the hostel mess."
Does the campus have cafes?,"Indeed, there are cafes serving snacks, beverages, and light meals perfect for study breaks."
Are late-night snacks available?,"Absolutely, some cafes and vending machines are accessible late at night for snacks."
What are the library timings?,The library is open from 8 AM to 10 PM on weekdays and 9 AM to 5 PM on weekends.
Can I borrow books from the library?,"Yes, students can borrow books using their ID card for a specified duration."
Are digital resources available?,"Yes, the library offers access to e-books, journals, and research databases."
Is there a quiet study area?,"Absolutely, designated quiet zones are available in the library for focused study."
Is there a gym on campus?,"Yes, the campus gym is equipped with modern fitness equipment and personal trainers."
What are the gym timings?,"The gym is open from 6 AM to 9 PM, with separate sessions for men and women."
Are there group fitness classes?,"Yes, group fitness classes like yoga, Zumba, and aerobics are conducted regularly."
Do students need to pay for the gym?,"Gym membership is included in hostel fees, and day scholars can subscribe separately."
What are the placement statistics?,The placement cell publishes annual reports showcasing placement percentages and top recruiters.
Which companies visit for placements?,"Top companies from IT, finance, and consulting sectors visit for campus placements."
Is there pre-placement training?,"Indeed, pre-placement training includes mock interviews, resume building, and aptitude tests."
How do I register for placements?,Register through the placement portal by submitting required documents and preferences.
What awards are given to students?,"Awards include academic excellence, leadership, innovation, and community service recognitions."
Are there scholarships for top performers?,"Indeed, top-performing students receive merit scholarships and academic awards each semester."
How are award winners selected?,"Award recipients are chosen based on academic records, extracurricular achievements, and leadership roles."
Is there a convocation ceremony?,"Certainly, the convocation ceremony includes degree conferral and award presentations for graduates."
What is the faculty-student ratio?,The faculty-student ratio ensures personalized attention and effective mentorship.
Are faculty members industry-experienced?,Many faculty members have extensive industry experience and academic expertise.
Where can I find information on accessible are faculty members?,Faculty members are available during office hours and by appointment for student consultations.
Do faculties engage in research?,"Certainly, faculty members actively participate in research projects and publish in reputed journals."
What sports facilities are available?,"Facilities include cricket grounds, football fields, tennis courts, and indoor sports complexes."
Are there sports scholarships?,"Yes, sports scholarships are awarded based on performance in national and state-level events."
Is there a sports fest?,An annual sports fest invites participation from various colleges in multiple disciplines.
Can beginners join sports teams?,"Yes, beginners can join training sessions and represent the college after selection trials."
What major events are held on campus?,"Annual tech fests, cultural nights, and sports tournaments are key highlights of campus life."
How can I participate in events?,Event registrations are announced on the student portal and campus notice boards.
Are there guest lectures?,Renowned industry experts and alumni are invited for guest lectures throughout the academic year.
What cultural festivals are organized?,"Cultural festivals include dance competitions, music shows, and drama performances celebrating diversity."
Does the college offer online courses?,"Yes, online certifications in data science, AI, and management are available through partner platforms."
Are online courses part of the curriculum?,Some online courses are integrated into the curriculum for skill enhancement.
Can students get credits for online courses?,"Indeed, select online courses are credit-eligible after meeting performance criteria."
What platforms offer online learning?,"Partnerships with Coursera, edX, and Udacity enable access to various professional courses."
Does the college provide internship opportunities?,The placement cell collaborates with companies to offer internships in various domains.
Are internships mandatory for graduation?,Internships are mandatory for certain programs as part of the curriculum.
Can students pursue international internships?,"Absolutely, international internship opportunities are available through global partnerships."
How do I apply for internships?,Students can apply via the placement portal or approach faculty advisors for guidance.
What on-campus facilities are available?,"Facilities include health centers, bookstores, stationery shops, and banking services."
Are there part-time jobs on campus?,"Yes, part-time roles like library assistants and research aides are available for students."
Is on-campus accommodation available for all students?,"Hostel accommodation is provided on a first-come, first-served basis with priority for freshmen."
Are there meal plans for day scholars?,Day scholars can opt for meal plans providing access to campus dining facilities.
Can you tell me what tech courses are available?,"Courses in computer science, AI, cybersecurity, and data analytics are offered for tech enthusiasts."
Are there non-tech courses available?,"Non-tech options include psychology, business management, media studies, and literature programs."
Can students switch courses after admission?,"Course changes are allowed during the add-drop period, subject to academic regulations."
Are interdisciplinary courses available?,"Indeed, students can enroll in interdisciplinary electives blending technology, business, and humanities."
Can you tell me what are the hostel facilities available?,"The hostel provides furnished rooms, Wi-Fi, laundry services, and common rooms for recreation."
How can I apply for hostel accommodation?,You can apply for hostel accommodation through the student portal during the admission process.
Are there separate hostels for boys and girls?,"Yes, the campus has separate hostels for boys and girls, each with dedicated wardens."
Could you describe what are the hostel rules and timings?,"Hostel rules include curfew timings, visitor policies, and guidelines to ensure a safe living environment."
What is the admission process?,"Admissions are based on entrance exams, merit, and interviews, depending on the program."
Are there any entrance exams required?,"Yes, some programs require entrance exams. Check the admissions brochure for details."
What documents are needed for admission?,"You need academic transcripts, ID proof, entrance exam scores, and passport-sized photos."
Is there any admission helpline available?,"Yes, the admissions office provides support via email and phone during business hours."
What scholarships are offered?,"Merit-based, need-based, and sports scholarships are available. Details are on the scholarships page."
How to apply for scholarships?,Submit the scholarship form online along with required documents during the admission process.
Are scholarships renewed every year?,Scholarships are renewed annually based on academic performance and other criteria.
Is there financial aid for international students?,"Yes, limited scholarships are available for international students based on merit and need."
Can you tell me what is campus life like?,"Campus life is vibrant, with various clubs, cultural events, and academic activities throughout the year."
Are there common areas for students to relax?,"Yes, there are student lounges, gardens, and recreational areas for students to relax and socialize."
What safety measures are in place on campus?,"The campus has 24/7 security, CCTV surveillance, and emergency response systems."
Are there any mentorship programs?,"Yes, mentorship programs connect students with faculty and senior peers for guidance."
How is the hostel environment?,"The hostel offers a supportive environment with study groups, recreational activities, and cultural nights."
What are the dining options in the hostel?,The hostel mess provides nutritious meals with vegetarian and non-vegetarian options.
Is there Wi-Fi available in hostels?,"Absolutely, all hostels have high-speed Wi-Fi for academic and personal use."
Can you tell me what recreational activities are available in hostels?,"Hostels have indoor games, TV rooms, and fitness areas for relaxation and leisure."
How do I join campus clubs?,Join clubs during the annual club fair or by signing up with the respective club coordinators.
I would like to know what are the popular clubs on campus?,"Popular clubs include coding clubs, dance societies, debate teams, and photography groups."
Are there inter-college competitions?,"Yes, students regularly participate in inter-college technical, cultural, and sports competitions."
Can students form new clubs?,Students can propose new clubs by submitting a plan to the student council for approval.
What are popular after-college activities?,"Students engage in workshops, part-time jobs, and explore local attractions after classes."
Are there evening sports sessions?,"Yes, evening sports sessions are held on the sports ground, including football and cricket matches."
Is there support for performing arts?,"Yes, cultural committees support music, dance, and theater activities with regular performances."
Can students volunteer for social causes?,Volunteer opportunities are available with campus clubs and local NGOs for community service.
Could you describe what food options are available on campus?,The campus has multiple food courts offering diverse cuisines at affordable prices.
Are there vegetarian food options?,"Yes, vegetarian options are available in all campus eateries and the hostel mess."
Does the campus have cafes?,"Yes, there are cafes serving snacks, beverages, and light meals perfect for study breaks."
Are late-night snacks available?,"Yes, some cafes and vending machines are accessible late at night for snacks."
Could you describe what are the library timings?,The library is open from 8 AM to 10 PM on weekdays and 9 AM to 5 PM on weekends.
Can I borrow books from the library?,"Yes, students can borrow books using their ID card for a specified duration."
Are digital resources available?,"Yes, the library offers access to e-books, journals, and research databases."
Is there a quiet study area?,"Yes, designated quiet zones are available in the library for focused study."
Is there a gym on campus?,"Certainly, the campus gym is equipped with modern fitness equipment and personal trainers."
What are the gym timings?,"The gym is open from 6 AM to 9 PM, with separate sessions for men and women."
Are there group fitness classes?,"Yes, group fitness classes like yoga, Zumba, and aerobics are conducted regularly."
Do students need to pay for the gym?,"Gym membership is included in hostel fees, and day scholars can subscribe separately."
What are the placement statistics?,The placement cell publishes annual reports showcasing placement percentages and top recruiters.
Which companies visit for placements?,"Top companies from IT, finance, and consulting sectors visit for campus placements."
Is there pre-placement training?,"Yes, pre-placement training includes mock interviews, resume building, and aptitude tests."
How do I register for placements?,Register through the placement portal by submitting required documents and preferences.
Could you describe what awards are given to students?,"Awards include academic excellence, leadership, innovation, and community service recognitions."
Are there scholarships for top performers?,"Indeed, top-performing students receive merit scholarships and academic awards each semester."
How are award winners selected?,"Award recipients are chosen based on academic records, extracurricular achievements, and leadership roles."
Is there a convocation ceremony?,"Yes, the convocation ceremony includes degree conferral and award presentations for graduates."
Can you tell me what is the faculty-student ratio?,The faculty-student ratio ensures personalized attention and effective mentorship.
Are faculty members industry-experienced?,Many faculty members have extensive industry experience and academic expertise.
How accessible are faculty members?,Faculty members are available during office hours and by appointment for student consultations.
Do faculties engage in research?,"Yes, faculty members actively participate in research projects and publish in reputed journals."
What sports facilities are available?,"Facilities include cricket grounds, football fields, tennis courts, and indoor sports complexes."
Are there sports scholarships?,"Yes, sports scholarships are awarded based on performance in national and state-level events."
Is there a sports fest?,An annual sports fest invites participation from various colleges in multiple disciplines.
Can beginners join sports teams?,"Yes, beginners can join training sessions and represent the college after selection trials."
I would like to know what major events are held on campus?,"Annual tech fests, cultural nights, and sports tournaments are key highlights of campus life."
What's the process to can I participate in events?,Event registrations are announced on the student portal and campus notice boards.
Are there guest lectures?,Renowned industry experts and alumni are invited for guest lectures throughout the academic year.
What cultural festivals are organized?,"Cultural festivals include dance competitions, music shows, and drama performances celebrating diversity."
Does the college offer online courses?,"Yes, online certifications in data science, AI, and management are available through partner platforms."
Are online courses part of the curriculum?,Some online courses are integrated into the curriculum for skill enhancement.
Can students get credits for online courses?,"Indeed, select online courses are credit-eligible after meeting performance criteria."
What platforms offer online learning?,"Partnerships with Coursera, edX, and Udacity enable access to various professional courses."
Does the college provide internship opportunities?,The placement cell collaborates with companies to offer internships in various domains.
Are internships mandatory for graduation?,Internships are mandatory for certain programs as part of the curriculum.
Can students pursue international internships?,"Yes, international internship opportunities are available through global partnerships."
How do I apply for internships?,Students can apply via the placement portal or approach faculty advisors for guidance.
What on-campus facilities are available?,"Facilities include health centers, bookstores, stationery shops, and banking services."
Are there part-time jobs on campus?,"Yes, part-time roles like library assistants and research aides are available for students."
Is on-campus accommodation available for all students?,"Hostel accommodation is provided on a first-come, first-served basis with priority for freshmen."
Are there meal plans for day scholars?,Day scholars can opt for meal plans providing access to campus dining facilities.
I would like to know what tech courses are available?,"Courses in computer science, AI, cybersecurity, and data analytics are offered for tech enthusiasts."
Are there non-tech courses available?,"Non-tech options include psychology, business management, media studies, and literature programs."
Can students switch courses after admission?,"Course changes are allowed during the add-drop period, subject to academic regulations."
Are interdisciplinary courses available?,"Yes, students can enroll in interdisciplinary electives blending technology, business, and humanities."
What are the hostel facilities available?,"The hostel provides furnished rooms, Wi-Fi, laundry services, and common rooms for recreation."
How can I apply for hostel accommodation?,You can apply for hostel accommodation through the student portal during the admission process.
Are there separate hostels for boys and girls?,"Certainly, the campus has separate hostels for boys and girls, each with dedicated wardens."
Could you describe what are the hostel rules and timings?,"Hostel rules include curfew timings, visitor policies, and guidelines to ensure a safe living environment."
What is the admission process?,"Admissions are based on entrance exams, merit, and interviews, depending on the program."
Are there any entrance exams required?,"Yes, some programs require entrance exams. Check the admissions brochure for details."
What documents are needed for admission?,"You need academic transcripts, ID proof, entrance exam scores, and passport-sized photos."
Is there any admission helpline available?,"Yes, the admissions office provides support via email and phone during business hours."
I would like to know what scholarships are offered?,"Merit-based, need-based, and sports scholarships are available. Details are on the scholarships page."
How to apply for scholarships?,Submit the scholarship form online along with required documents during the admission process.
Are scholarships renewed every year?,Scholarships are renewed annually based on academic performance and other criteria.
Is there financial aid for international students?,"Certainly, limited scholarships are available for international students based on merit and need."
Could you describe what is campus life like?,"Campus life is vibrant, with various clubs, cultural events, and academic activities throughout the year."
Are there common areas for students to relax?,"Yes, there are student lounges, gardens, and recreational areas for students to relax and socialize."
What safety measures are in place on campus?,"The campus has 24/7 security, CCTV surveillance, and emergency response systems."
Are there any mentorship programs?,"Yes, mentorship programs connect students with faculty and senior peers for guidance."
How is the hostel environment?,"The hostel offers a supportive environment with study groups, recreational activities, and cultural nights."
Could you describe what are the dining options in the hostel?,The hostel mess provides nutritious meals with vegetarian and non-vegetarian options.
Is there Wi-Fi available in hostels?,"Yes, all hostels have high-speed Wi-Fi for academic and personal use."
What recreational activities are available in hostels?,"Hostels have indoor games, TV rooms, and fitness areas for relaxation and leisure."
Could you explain how do I join campus clubs?,Join clubs during the annual club fair or by signing up with the respective club coordinators.
What are the popular clubs on campus?,"Popular clubs include coding clubs, dance societies, debate teams, and photography groups."
Are there inter-college competitions?,"Yes, students regularly participate in inter-college technical, cultural, and sports competitions."
Can students form new clubs?,Students can propose new clubs by submitting a plan to the student council for approval.
What are popular after-college activities?,"Students engage in workshops, part-time jobs, and explore local attractions after classes."
Are there evening sports sessions?,"Yes, evening sports sessions are held on the sports ground, including football and cricket matches."
Is there support for performing arts?,"Certainly, cultural committees support music, dance, and theater activities with regular performances."
Can students volunteer for social causes?,Volunteer opportunities are available with campus clubs and local NGOs for community service.
What food options are available on campus?,The campus has multiple food courts offering diverse cuisines at affordable prices.
Are there vegetarian food options?,"Yes, vegetarian options are available in all campus eateries and the hostel mess."
Does the campus have cafes?,"Absolutely, there are cafes serving snacks, beverages, and light meals perfect for study breaks."
Are late-night snacks available?,"Yes, some cafes and vending machines are accessible late at night for snacks."
What are the library timings?,The library is open from 8 AM to 10 PM on weekdays and 9 AM to 5 PM on weekends.
Can I borrow books from the library?,"Yes, students can borrow books using their ID card for a specified duration."
Are digital resources available?,"Indeed, the library offers access to e-books, journals, and research databases."
Is there a quiet study area?,"Certainly, designated quiet zones are available in the library for focused study."
Is there a gym on campus?,"Yes, the campus gym is equipped with modern fitness equipment and personal trainers."
I would like to know what are the gym timings?,"The gym is open from 6 AM to 9 PM, with separate sessions for men and women."
Are there group fitness classes?,"Yes, group fitness classes like yoga, Zumba, and aerobics are conducted regularly."
Do students need to pay for the gym?,"Gym membership is included in hostel fees, and day scholars can subscribe separately."
What are the placement statistics?,The placement cell publishes annual reports showcasing placement percentages and top recruiters.
Which companies visit for placements?,"Top companies from IT, finance, and consulting sectors visit for campus placements."
Is there pre-placement training?,"Absolutely, pre-placement training includes mock interviews, resume building, and aptitude tests."
Could you explain how do I register for placements?,Register through the placement portal by submitting required documents and preferences.
What awards are given to students?,"Awards include academic excellence, leadership, innovation, and community service recognitions."
Are there scholarships for top performers?,"Yes, top-performing students receive merit scholarships and academic awards each semester."
How are award winners selected?,"Award recipients are chosen based on academic records, extracurricular achievements, and leadership roles."
Is there a convocation ceremony?,"Yes, the convocation ceremony includes degree conferral and award presentations for graduates."
What is the faculty-student ratio?,The faculty-student ratio ensures personalized attention and effective mentorship.
Are faculty members industry-experienced?,Many faculty members have extensive industry experience and academic expertise.
How accessible are faculty members?,Faculty members are available during office hours and by appointment for student consultations.
Do faculties engage in research?,"Absolutely, faculty members actively participate in research projects and publish in reputed journals."
What sports facilities are available?,"Facilities include cricket grounds, football fields, tennis courts, and indoor sports complexes."
Are there sports scholarships?,"Yes, sports scholarships are awarded based on performance in national and state-level events."
Is there a sports fest?,An annual sports fest invites participation from various colleges in multiple disciplines.
Can beginners join sports teams?,"Yes, beginners can join training sessions and represent the college after selection trials."
What major events are held on campus?,"Annual tech fests, cultural nights, and sports tournaments are key highlights of campus life."
How can I participate in events?,Event registrations are announced on the student portal and campus notice boards.
Are there guest lectures?,Renowned industry experts and alumni are invited for guest lectures throughout the academic year.
What cultural festivals are organized?,"Cultural festivals include dance competitions, music shows, and drama performances celebrating diversity."
Does the college offer online courses?,"Absolutely, online certifications in data science, AI, and management are available through partner platforms."
Are online courses part of the curriculum?,Some online courses are integrated into the curriculum for skill enhancement.
Can students get credits for online courses?,"Yes, select online courses are credit-eligible after meeting performance criteria."
Could you describe what platforms offer online learning?,"Partnerships with Coursera, edX, and Udacity enable access to various professional courses."
Does the college provide internship opportunities?,The placement cell collaborates with companies to offer internships in various domains.
Are internships mandatory for graduation?,Internships are mandatory for certain programs as part of the curriculum.
Can students pursue international internships?,"Yes, international internship opportunities are available through global partnerships."
Where can I find information on do I apply for internships?,Students can apply via the placement portal or approach faculty advisors for guidance.
Could you describe what on-campus facilities are available?,"Facilities include health centers, bookstores, stationery shops, and banking services."
Are there part-time jobs on campus?,"Absolutely, part-time roles like library assistants and research aides are available for students."
Is on-campus accommodation available for all students?,"Hostel accommodation is provided on a first-come, first-served basis with priority for freshmen."
Are there meal plans for day scholars?,Day scholars can opt for meal plans providing access to campus dining facilities.
Could you describe what tech courses are available?,"Courses in computer science, AI, cybersecurity, and data analytics are offered for tech enthusiasts."
Are there non-tech courses available?,"Non-tech options include psychology, business management, media studies, and literature programs."
Can students switch courses after admission?,"Course changes are allowed during the add-drop period, subject to academic regulations."
Are interdisciplinary courses available?,"Yes, students can enroll in interdisciplinary electives blending technology, business, and humanities."
What are the hostel facilities available?,"The hostel provides furnished rooms, Wi-Fi, laundry services, and common rooms for recreation."
How can I apply for hostel accommodation?,You can apply for hostel accommodation through the student portal during the admission process.
Are there separate hostels for boys and girls?,"Absolutely, the campus has separate hostels for boys and girls, each with dedicated wardens."
What are the hostel rules and timings?,"Hostel rules include curfew timings, visitor policies, and guidelines to ensure a safe living environment."
Can you tell me what is the admission process?,"Admissions are based on entrance exams, merit, and interviews, depending on the program."
Are there any entrance exams required?,"Yes, some programs require entrance exams. Check the admissions brochure for details."
What documents are needed for admission?,"You need academic transcripts, ID proof, entrance exam scores, and passport-sized photos."
Is there any admission helpline available?,"Yes, the admissions office provides support via email and phone during business hours."
What scholarships are offered?,"Merit-based, need-based, and sports scholarships are available. Details are on the scholarships page."
What's the process to to apply for scholarships?,Submit the scholarship form online along with required documents during the admission process.
Are scholarships renewed every year?,Scholarships are renewed annually based on academic performance and other criteria.
Is there financial aid for international students?,"Yes, limited scholarships are available for international students based on merit and need."
What is campus life like?,"Campus life is vibrant, with various clubs, cultural events, and academic activities throughout the year."
Are there common areas for students to relax?,"Yes, there are student lounges, gardens, and recreational areas for students to relax and socialize."
What safety measures are in place on campus?,"The campus has 24/7 security, CCTV surveillance, and emergency response systems."
Are there any mentorship programs?,"Yes, mentorship programs connect students with faculty and senior peers for guidance."
How is the hostel environment?,"The hostel offers a supportive environment with study groups, recreational activities, and cultural nights."
What are the dining options in the hostel?,The hostel mess provides nutritious meals with vegetarian and non-vegetarian options.
Is there Wi-Fi available in hostels?,"Yes, all hostels have high-speed Wi-Fi for academic and personal use."
I would like to know what recreational activities are available in hostels?,"Hostels have indoor games, TV rooms, and fitness areas for relaxation and leisure."
How do I join campus clubs?,Join clubs during the annual club fair or by signing up with the respective club coordinators.
Can you tell me what are the popular clubs on campus?,"Popular clubs include coding clubs, dance societies, debate teams, and photography groups."
Are there inter-college competitions?,"Yes, students regularly participate in inter-college technical, cultural, and sports competitions."
Can students form new clubs?,Students can propose new clubs by submitting a plan to the student council for approval.
Could you describe what are popular after-college activities?,"Students engage in workshops, part-time jobs, and explore local attractions after classes."
Are there evening sports sessions?,"Absolutely, evening sports sessions are held on the sports ground, including football and cricket matches."
Is there support for performing arts?,"Absolutely, cultural committees support music, dance, and theater activities with regular performances."
Can students volunteer for social causes?,Volunteer opportunities are available with campus clubs and local NGOs for community service.
What food options are available on campus?,The campus has multiple food courts offering diverse cuisines at affordable prices.
Are there vegetarian food options?,"Yes, vegetarian options are available in all campus eateries and the hostel mess."
Does the campus have cafes?,"Yes, there are cafes serving snacks, beverages, and light meals perfect for study breaks."
Are late-night snacks available?,"Yes, some cafes and vending machines are accessible late at night for snacks."
What are the library timings?,The library is open from 8 AM to 10 PM on weekdays and 9 AM to 5 PM on weekends.
Can I borrow books from the library?,"Yes, students can borrow books using their ID card for a specified duration."
Are digital resources available?,"Absolutely, the library offers access to e-books, journals, and research databases."
Is there a quiet study area?,"Yes, designated quiet zones are available in the library for focused study."
Is there a gym on campus?,"Indeed, the campus gym is equipped with modern fitness equipment and personal trainers."
Could you describe what are the gym timings?,"The gym is open from 6 AM to 9 PM, with separate sessions for men and women."
Are there group fitness classes?,"Indeed, group fitness classes like yoga, Zumba, and aerobics are conducted regularly."
Do students need to pay for the gym?,"Gym membership is included in hostel fees, and day scholars can subscribe separately."
I would like to know what are the placement statistics?,The placement cell publishes annual reports showcasing placement percentages and top recruiters.
Which companies visit for placements?,"Top companies from IT, finance, and consulting sectors visit for campus placements."
Is there pre-placement training?,"Yes, pre-placement training includes mock interviews, resume building, and aptitude tests."
How do I register for placements?,Register through the placement portal by submitting required documents and preferences.
What awards are given to students?,"Awards include academic excellence, leadership, innovation, and community service recognitions."
Are there scholarships for top performers?,"Certainly, top-performing students receive merit scholarships and academic awards each semester."
How are award winners selected?,"Award recipients are chosen based on academic records, extracurricular achievements, and leadership roles."
Is there a convocation ceremony?,"Yes, the convocation ceremony includes degree conferral and award presentations for graduates."
What is the faculty-student ratio?,The faculty-student ratio ensures personalized attention and effective mentorship.
Are faculty members industry-experienced?,Many faculty members have extensive industry experience and academic expertise.
How accessible are faculty members?,Faculty members are available during office hours and by appointment for student consultations.
Do faculties engage in research?,"Indeed, faculty members actively participate in research projects and publish in reputed journals."
Can you tell me what sports facilities are available?,"Facilities include cricket grounds, football fields, tennis courts, and indoor sports complexes."
Are there sports scholarships?,"Certainly, sports scholarships are awarded based on performance in national and state-level events."
Is there a sports fest?,An annual sports fest invites participation from various colleges in multiple disciplines.
Can beginners join sports teams?,"Yes, beginners can join training sessions and represent the college after selection trials."
What major events are held on campus?,"Annual tech fests, cultural nights, and sports tournaments are key highlights of campus life."
What's the process to can I participate in events?,Event registrations are announced on the student portal and campus notice boards.
Are there guest lectures?,Renowned industry experts and alumni are invited for guest lectures throughout the academic year.
What cultural festivals are organized?,"Cultural festivals include dance competitions, music shows, and drama performances celebrating diversity."
Does the college offer online courses?,"Yes, online certifications in data science, AI, and management are available through partner platforms."
Are online courses part of the curriculum?,Some online courses are integrated into the curriculum for skill enhancement.
Can students get credits for online courses?,"Yes, select online courses are credit-eligible after meeting performance criteria."
Can you tell me what platforms offer online learning?,"Partnerships with Coursera, edX, and Udacity enable access to various professional courses."
Does the college provide internship opportunities?,The placement cell collaborates with companies to offer internships in various domains.
Are internships mandatory for graduation?,Internships are mandatory for certain programs as part of the curriculum.
Can students pursue international internships?,"Yes, international internship opportunities are available through global partnerships."
How do I apply for internships?,Students can apply via the placement portal or approach faculty advisors for guidance.
What on-campus facilities are available?,"Facilities include health centers, bookstores, stationery shops, and banking services."
Are there part-time jobs on campus?,"Yes, part-time roles like library assistants and research aides are available for students."
Is on-campus accommodation available for all students?,"Hostel accommodation is provided on a first-come, first-served basis with priority for freshmen."
Are there meal plans for day scholars?,Day scholars can opt for meal plans providing access to campus dining facilities.
What tech courses are available?,"Courses in computer science, AI, cybersecurity, and data analytics are offered for tech enthusiasts."
Are there non-tech courses available?,"Non-tech options include psychology, business management, media studies, and literature programs."
Can students switch courses after admission?,"Course changes are allowed during the add-drop period, subject to academic regulations."
Are interdisciplinary courses available?,"Yes, students can enroll in interdisciplinary electives blending technology, business, and humanities."
Could you describe what are the hostel facilities available?,"The hostel provides furnished rooms, Wi-Fi, laundry services, and common rooms for recreation."
Could you explain how can I apply for hostel accommodation?,Students may apply for hostel accommodation through the student portal during the admission process.
Are there separate hostels for boys and girls?,"Certainly, the campus has separate hostels for boys and girls, each with dedicated wardens."
What are the hostel rules and timings?,"Hostel rules include curfew timings, visitor policies, and guidelines to ensure a safe living environment."
What is the admission process?,"Admissions are based on entrance exams, merit, and interviews, depending on the program."
Are there any entrance exams required?,"Yes, some programs require entrance exams. Check the admissions brochure for details."
What documents are needed for admission?,"You need academic transcripts, ID proof, entrance exam scores, and passport-sized photos."
Is there any admission helpline available?,"Absolutely, the admissions office provides support via email and phone during business hours."
What scholarships are offered?,"Merit-based, need-based, and sports scholarships are available. Details are on the scholarships page."
Could you explain how to apply for scholarships?,Submit the scholarship form online along with required documents during the admission process.
Are scholarships renewed every year?,Scholarships are renewed annually based on academic performance and other criteria.
Is there financial aid for international students?,"Certainly, limited scholarships are available for international students based on merit and need."
Can you tell me what is campus life like?,"Campus life is vibrant, with various clubs, cultural events, and academic activities throughout the year."
Are there common areas for students to relax?,"Certainly, there are student lounges, gardens, and recreational areas for students to relax and socialize."
What safety measures are in place on campus?,"The campus has 24/7 security, CCTV surveillance, and emergency response systems."
Are there any mentorship programs?,"Yes, mentorship programs connect students with faculty and senior peers for guidance."
How is the hostel environment?,"The hostel offers a supportive environment with study groups, recreational activities, and cultural nights."
What are the dining options in the hostel?,The hostel mess provides nutritious meals with vegetarian and non-vegetarian options.
Is there Wi-Fi available in hostels?,"Yes, all hostels have high-speed Wi-Fi for academic and personal use."
What recreational activities are available in hostels?,"Hostels have indoor games, TV rooms, and fitness areas for relaxation and leisure."
Where can I find information on do I join campus clubs?,Join clubs during the annual club fair or by signing up with the respective club coordinators.
What are the popular clubs on campus?,"Popular clubs include coding clubs, dance societies, debate teams, and photography groups."
Are there inter-college competitions?,"Absolutely, students regularly participate in inter-college technical, cultural, and sports competitions."
Can students form new clubs?,Students can propose new clubs by submitting a plan to the student council for approval.
Can you tell me what are popular after-college activities?,"Students engage in workshops, part-time jobs, and explore local attractions after classes."
Are there evening sports sessions?,"Yes, evening sports sessions are held on the sports ground, including football and cricket matches."
Is there support for performing arts?,"Yes, cultural committees support music, dance, and theater activities with regular performances."
Can students volunteer for social causes?,Volunteer opportunities are available with campus clubs and local NGOs for community service.
What food options are available on campus?,The campus has multiple food courts offering diverse cuisines at affordable prices.
Are there vegetarian food options?,"Yes, vegetarian options are available in all campus eateries and the hostel mess."
Does the campus have cafes?,"Yes, there are cafes serving snacks, beverages, and light meals perfect for study breaks."
Are late-night snacks available?,"Yes, some cafes and vending machines are accessible late at night for snacks."
What are the library timings?,The library is open from 8 AM to 10 PM on weekdays and 9 AM to 5 PM on weekends.
Can I borrow books from the library?,"Yes, students can borrow books using their ID card for a specified duration."
Are digital resources available?,"Certainly, the library offers access to e-books, journals, and research databases."
Is there a quiet study area?,"Yes, designated quiet zones are available in the library for focused study."
Is there a gym on campus?,"Absolutely, the campus gym is equipped with modern fitness equipment and personal trainers."
What are the gym timings?,"The gym is open from 6 AM to 9 PM, with separate sessions for men and women."
Are there group fitness classes?,"Yes, group fitness classes like yoga, Zumba, and aerobics are conducted regularly."
Do students need to pay for the gym?,"Gym membership is included in hostel fees, and day scholars can subscribe separately."
What are the placement statistics?,The placement cell publishes annual reports showcasing placement percentages and top recruiters.
Which companies visit for placements?,"Top companies from IT, finance, and consulting sectors visit for campus placements."
Is there pre-placement training?,"Yes, pre-placement training includes mock interviews, resume building, and aptitude tests."
How do I register for placements?,Register through the placement portal by submitting required documents and preferences.
Could you describe what awards are given to students?,"Awards include academic excellence, leadership, innovation, and community service recognitions."
Are there scholarships for top performers?,"Absolutely, top-performing students receive merit scholarships and academic awards each semester."
How are award winners selected?,"Award recipients are chosen based on academic records, extracurricular achievements, and leadership roles."
Is there a convocation ceremony?,"Yes, the convocation ceremony includes degree conferral and award presentations for graduates."
What is the faculty-student ratio?,The faculty-student ratio ensures personalized attention and effective mentorship.
Are faculty members industry-experienced?,Many faculty members have extensive industry experience and academic expertise.
How accessible are faculty members?,Faculty members are available during office hours and by appointment for student consultations.
Do faculties engage in research?,"Yes, faculty members actively participate in research projects and publish in reputed journals."
What sports facilities are available?,"Facilities include cricket grounds, football fields, tennis courts, and indoor sports complexes."
Are there sports scholarships?,"Yes, sports scholarships are awarded based on performance in national and state-level events."
Is there a sports fest?,An annual sports fest invites participation from various colleges in multiple disciplines.
Can beginners join sports teams?,"Yes, beginners can join training sessions and represent the college after selection trials."
What major events are held on campus?,"Annual tech fests, cultural nights, and sports tournaments are key highlights of campus life."
How can I participate in events?,Event registrations are announced on the student portal and campus notice boards.
Are there guest lectures?,Renowned industry experts and alumni are invited for guest lectures throughout the academic year.
What cultural festivals are organized?,"Cultural festivals include dance competitions, music shows, and drama performances celebrating diversity."
Does the college offer online courses?,"Yes, online certifications in data science, AI, and management are available through partner platforms."
Are online courses part of the curriculum?,Some online courses are integrated into the curriculum for skill enhancement.
Can students get credits for online courses?,"Yes, select online courses are credit-eligible after meeting performance criteria."
What platforms offer online learning?,"Partnerships with Coursera, edX, and Udacity enable access to various professional courses."
Does the college provide internship opportunities?,The placement cell collaborates with companies to offer internships in various domains.
Are internships mandatory for graduation?,Internships are mandatory for certain programs as part of the curriculum.
Can students pursue international internships?,"Yes, international internship opportunities are available through global partnerships."
How do I apply for internships?,Students can apply via the placement portal or approach faculty advisors for guidance.
What on-campus facilities are available?,"Facilities include health centers, bookstores, stationery shops, and banking services."
Are there part-time jobs on campus?,"Indeed, part-time roles like library assistants and research aides are available for students."
Is on-campus accommodation available for all students?,"Hostel accommodation is provided on a first-come, first-served basis with priority for freshmen."
Are there meal plans for day scholars?,Day scholars can opt for meal plans providing access to campus dining facilities.
What tech courses are available?,"Courses in computer science, AI, cybersecurity, and data analytics are offered for tech enthusiasts."
Are there non-tech courses available?,"Non-tech options include psychology, business management, media studies, and literature programs."
Can students switch courses after admission?,"Course changes are allowed during the add-drop period, subject to academic regulations."
Are interdisciplinary courses available?,"Yes, students can enroll in interdisciplinary electives blending technology, business, and humanities."
What are the hostel facilities available?,"The hostel provides furnished rooms, Wi-Fi, laundry services, and common rooms for recreation."
How can I apply for hostel accommodation?,You can apply for hostel accommodation through the student portal during the admission process.
Are there separate hostels for boys and girls?,"Yes, the campus has separate hostels for boys and girls, each with dedicated wardens."
What are the hostel rules and timings?,"Hostel rules include curfew timings, visitor policies, and guidelines to ensure a safe living environment."
What is the admission process?,"Admissions are based on entrance exams, merit, and interviews, depending on the program."
Are there any entrance exams required?,"Absolutely, some programs require entrance exams. Check the admissions brochure for details."
What documents are needed for admission?,"You need academic transcripts, ID proof, entrance exam scores, and passport-sized photos."
Is there any admission helpline available?,"Yes, the admissions office provides support via email and phone during business hours."
I would like to know what scholarships are offered?,"Merit-based, need-based, and sports scholarships are available. Details are on the scholarships page."
How to apply for scholarships?,Submit the scholarship form online along with required documents during the admission process.
Are scholarships renewed every year?,Scholarships are renewed annually based on academic performance and other criteria.
Is there financial aid for international students?,"Yes, limited scholarships are available for international students based on merit and need."
What is campus life like?,"Campus life is vibrant, with various clubs, cultural events, and academic activities throughout the year."
Are there common areas for students to relax?,"Yes, there are student lounges, gardens, and recreational areas for students to relax and socialize."
What safety measures are in place on campus?,"The campus has 24/7 security, CCTV surveillance, and emergency response systems."
Are there any mentorship programs?,"Yes, mentorship programs connect students with faculty and senior peers for guidance."
Where can I find information on is the hostel environment?,"The hostel offers a supportive environment with study groups, recreational activities, and cultural nights."
What are the dining options in the hostel?,The hostel mess provides nutritious meals with vegetarian and non-vegetarian options.
Is there Wi-Fi available in hostels?,"Indeed, all hostels have high-speed Wi-Fi for academic and personal use."
What recreational activities are available in hostels?,"Hostels have indoor games, TV rooms, and fitness areas for relaxation and leisure."
How do I join campus clubs?,Join clubs during the annual club fair or by signing up with the respective club coordinators.
What are the popular clubs on campus?,"Popular clubs include coding clubs, dance societies, debate teams, and photography groups."
Are there inter-college competitions?,"Yes, students regularly participate in inter-college technical, cultural, and sports competitions."
Can students form new clubs?,Students can propose new clubs by submitting a plan to the student council for approval.
What are popular after-college activities?,"Students engage in workshops, part-time jobs, and explore local attractions after classes."
Are there evening sports sessions?,"Yes, evening sports sessions are held on the sports ground, including football and cricket matches."
Is there support for performing arts?,"Absolutely, cultural committees support music, dance, and theater activities with regular performances."
Can students volunteer for social causes?,Volunteer opportunities are available with campus clubs and local NGOs for community service.
Can you tell me what food options are available on campus?,The campus has multiple food courts offering diverse cuisines at affordable prices.
Are there vegetarian food options?,"Yes, vegetarian options are available in all campus eateries and the hostel mess."
Does the campus have cafes?,"Yes, there are cafes serving snacks, beverages, and light meals perfect for study breaks."
Are late-night snacks available?,"Yes, some cafes and vending machines are accessible late at night for snacks."
What are the library timings?,The library is open from 8 AM to 10 PM on weekdays and 9 AM to 5 PM on weekends.
Can I borrow books from the library?,"Yes, students can borrow books using their ID card for a specified duration."
Are digital resources available?,"Yes, the library offers access to e-books, journals, and research databases."
Is there a quiet study area?,"Certainly, designated quiet zones are available in the library for focused study."
Is there a gym on campus?,"Certainly, the campus gym is equipped with modern fitness equipment and personal trainers."
What are the gym timings?,"The gym is open from 6 AM to 9 PM, with separate sessions for men and women."
Are there group fitness classes?,"Yes, group fitness classes like yoga, Zumba, and aerobics are conducted regularly."
Do students need to pay for the gym?,"Gym membership is included in hostel fees, and day scholars can subscribe separately."
Can you tell me what are the placement statistics?,The placement cell publishes annual reports showcasing placement percentages and top recruiters.
Which companies visit for placements?,"Top companies from IT, finance, and consulting sectors visit for campus placements."
Is there pre-placement training?,"Yes, pre-placement training includes mock interviews, resume building, and aptitude tests."
Where can I find information on do I register for placements?,Register through the placement portal by submitting required documents and preferences.
What awards are given to students?,"Awards include academic excellence, leadership, innovation, and community service recognitions."
Are there scholarships for top performers?,"Yes, top-performing students receive merit scholarships and academic awards each semester."
How are award winners selected?,"Award recipients are chosen based on academic records, extracurricular achievements, and leadership roles."
Is there a convocation ceremony?,"Yes, the convocation ceremony includes degree conferral and award presentations for graduates."
What is the faculty-student ratio?,The faculty-student ratio ensures personalized attention and effective mentorship.
Are faculty members industry-experienced?,Many faculty members have extensive industry experience and academic expertise.
How accessible are faculty members?,Faculty members are available during office hours and by appointment for student consultations.
Do faculties engage in research?,"Yes, faculty members actively participate in research projects and publish in reputed journals."
What sports facilities are available?,"Facilities include cricket grounds, football fields, tennis courts, and indoor sports complexes."
Are there sports scholarships?,"Yes, sports scholarships are awarded based on performance in national and state-level events."
Is there a sports fest?,An annual sports fest invites participation from various colleges in multiple disciplines.
Can beginners join sports teams?,"Yes, beginners can join training sessions and represent the college after selection trials."
What major events are held on campus?,"Annual tech fests, cultural nights, and sports tournaments are key highlights of campus life."
How can I participate in events?,Event registrations are announced on the student portal and campus notice boards.
Are there guest lectures?,Renowned industry experts and alumni are invited for guest lectures throughout the academic year.
Can you tell me what cultural festivals are organized?,"Cultural festivals include dance competitions, music shows, and drama performances celebrating diversity."
Does the college offer online courses?,"Absolutely, online certifications in data science, AI, and management are available through partner platforms."
Are online courses part of the curriculum?,Some online courses are integrated into the curriculum for skill enhancement.
Can students get credits for online courses?,"Yes, select online courses are credit-eligible after meeting performance criteria."
Can you tell me what platforms offer online learning?,"Partnerships with Coursera, edX, and Udacity enable access to various professional courses."
Does the college provide internship opportunities?,The placement cell collaborates with companies to offer internships in various domains.
Are internships mandatory for graduation?,Internships are mandatory for certain programs as part of the curriculum.
Can students pursue international internships?,"Certainly, international internship opportunities are available through global partnerships."
How do I apply for internships?,Students can apply via the placement portal or approach faculty advisors for guidance.
Could you describe what on-campus facilities are available?,"Facilities include health centers, bookstores, stationery shops, and banking services."
Are there part-time jobs on campus?,"Yes, part-time roles like library assistants and research aides are available for students."
Is on-campus accommodation available for all students?,"Hostel accommodation is provided on a first-come, first-served basis with priority for freshmen."
Are there meal plans for day scholars?,Day scholars can opt for meal plans providing access to campus dining facilities.
What tech courses are available?,"Courses in computer science, AI, cybersecurity, and data analytics are offered for tech enthusiasts."
Are there non-tech courses available?,"Non-tech options include psychology, business management, media studies, and literature programs."
Can students switch courses after admission?,"Course changes are allowed during the add-drop period, subject to academic regulations."
Are interdisciplinary courses available?,"Yes, students can enroll in interdisciplinary electives blending technology, business, and humanities."
Can you tell me what are the hostel facilities available?,"The hostel provides furnished rooms, Wi-Fi, laundry services, and common rooms for recreation."
How can I apply for hostel accommodation?,You can apply for hostel accommodation through the student portal during the admission process.
Are there separate hostels for boys and girls?,"Yes, the campus has separate hostels for boys and girls, each with dedicated wardens."
Can you tell me what are the hostel rules and timings?,"Hostel rules include curfew timings, visitor policies, and guidelines to ensure a safe living environment."
What is the admission process?,"Admissions are based on entrance exams, merit, and interviews, depending on the program."
Are there any entrance exams required?,"Certainly, some programs require entrance exams. Check the admissions brochure for details."
What documents are needed for admission?,"You need academic transcripts, ID proof, entrance exam scores, and passport-sized photos."
Is there any admission helpline available?,"Yes, the admissions office provides support via email and phone during business hours."
What scholarships are offered?,"Merit-based, need-based, and sports scholarships are available. Details are on the scholarships page."
How to apply for scholarships?,Submit the scholarship form online along with required documents during the admission process.
Are scholarships renewed every year?,Scholarships are renewed annually based on academic performance and other criteria.
Is there financial aid for international students?,"Yes, limited scholarships are available for international students based on merit and need."
What is campus life like?,"Campus life is vibrant, with various clubs, cultural events, and academic activities throughout the year."
Are there common areas for students to relax?,"Yes, there are student lounges, gardens, and recreational areas for students to relax and socialize."
I would like to know what safety measures are in place on campus?,"The campus has 24/7 security, CCTV surveillance, and emergency response systems."
Are there any mentorship programs?,"Indeed, mentorship programs connect students with faculty and senior peers for guidance."
How is the hostel environment?,"The hostel offers a supportive environment with study groups, recreational activities, and cultural nights."
I would like to know what are the dining options in the hostel?,The hostel mess provides nutritious meals with vegetarian and non-vegetarian options.
Is there Wi-Fi available in hostels?,"Yes, all hostels have high-speed Wi-Fi for academic and personal use."
I would like to know what recreational activities are available in hostels?,"Hostels have indoor games, TV rooms, and fitness areas for relaxation and leisure."
How do I join campus clubs?,Join clubs during the annual club fair or by signing up with the respective club coordinators.
What are the popular clubs on campus?,"Popular clubs include coding clubs, dance societies, debate teams, and photography groups."
Are there inter-college competitions?,"Yes, students regularly participate in inter-college technical, cultural, and sports competitions."
Can students form new clubs?,Students can propose new clubs by submitting a plan to the student council for approval.
What are popular after-college activities?,"Students engage in workshops, part-time jobs, and explore local attractions after classes."
Are there evening sports sessions?,"Yes, evening sports sessions are held on the sports ground, including football and cricket matches."
Is there support for performing arts?,"Yes, cultural committees support music, dance, and theater activities with regular performances."
Can students volunteer for social causes?,Volunteer opportunities are available with campus clubs and local NGOs for community service.
What food options are available on campus?,The campus has multiple food courts offering diverse cuisines at affordable prices.
Are there vegetarian food options?,"Yes, vegetarian options are available in all campus eateries and the hostel mess."
Does the campus have cafes?,"Yes, there are cafes serving snacks, beverages, and light meals perfect for study breaks."
Are late-night snacks available?,"Certainly, some cafes and vending machines are accessible late at night for snacks."
What are the library timings?,The library is open from 8 AM to 10 PM on weekdays and 9 AM to 5 PM on weekends.
Can I borrow books from the library?,"Yes, students can borrow books using their ID card for a specified duration."
Are digital resources available?,"Yes, the library offers access to e-books, journals, and research databases."
Is there a quiet study area?,"Yes, designated quiet zones are available in the library for focused study."
Is there a gym on campus?,"Yes, the campus gym is equipped with modern fitness equipment and personal trainers."
Can you tell me what are the gym timings?,"The gym is open from 6 AM to 9 PM, with separate sessions for men and women."
Are there group fitness classes?,"Yes, group fitness classes like yoga, Zumba, and aerobics are conducted regularly."
Do students need to pay for the gym?,"Gym membership is included in hostel fees, and day scholars can subscribe separately."
Could you describe what are the placement statistics?,The placement cell publishes annual reports showcasing placement percentages and top recruiters.
Which companies visit for placements?,"Top companies from IT, finance, and consulting sectors visit for campus placements."
Is there pre-placement training?,"Certainly, pre-placement training includes mock interviews, resume building, and aptitude tests."
How do I register for placements?,Register through the placement portal by submitting required documents and preferences.
What awards are given to students?,"Awards include academic excellence, leadership, innovation, and community service recognitions."
Are there scholarships for top performers?,"Yes, top-performing students receive merit scholarships and academic awards each semester."
Could you explain how are award winners selected?,"Award recipients are chosen based on academic records, extracurricular achievements, and leadership roles."
Is there a convocation ceremony?,"Certainly, the convocation ceremony includes degree conferral and award presentations for graduates."
What is the faculty-student ratio?,The faculty-student ratio ensures personalized attention and effective mentorship.
Are faculty members industry-experienced?,Many faculty members have extensive industry experience and academic expertise.
How accessible are faculty members?,Faculty members are available during office hours and by appointment for student consultations.
Do faculties engage in research?,"Indeed, faculty members actively participate in research projects and publish in reputed journals."
What sports facilities are available?,"Facilities include cricket grounds, football fields, tennis courts, and indoor sports complexes."
Are there sports scholarships?,"Yes, sports scholarships are awarded based on performance in national and state-level events."
Is there a sports fest?,An annual sports fest invites participation from various colleges in multiple disciplines.
Can beginners join sports teams?,"Yes, beginners can join training sessions and represent the college after selection trials."
What major events are held on campus?,"Annual tech fests, cultural nights, and sports tournaments are key highlights of campus life."
How can I participate in events?,Event registrations are announced on the student portal and campus notice boards.
Are there guest lectures?,Renowned industry experts and alumni are invited for guest lectures throughout the academic year.
What cultural festivals are organized?,"Cultural festivals include dance competitions, music shows, and drama performances celebrating diversity."
Does the college offer online courses?,"Absolutely, online certifications in data science, AI, and management are available through partner platforms."
Are online courses part of the curriculum?,Some online courses are integrated into the curriculum for skill enhancement.
Can students get credits for online courses?,"Yes, select online courses are credit-eligible after meeting performance criteria."
What platforms offer online learning?,"Partnerships with Coursera, edX, and Udacity enable access to various professional courses."
Does the college provide internship opportunities?,The placement cell collaborates with companies to offer internships in various domains.
Are internships mandatory for graduation?,Internships are mandatory for certain programs as part of the curriculum.
Can students pursue international internships?,"Yes, international internship opportunities are available through global partnerships."
How do I apply for internships?,Students can apply via the placement portal or approach faculty advisors for guidance.
What on-campus facilities are available?,"Facilities include health centers, bookstores, stationery shops, and banking services."
Are there part-time jobs on campus?,"Yes, part-time roles like library assistants and research aides are available for students."
Is on-campus accommodation available for all students?,"Hostel accommodation is provided on a first-come, first-served basis with priority for freshmen."
Are there meal plans for day scholars?,Day scholars can opt for meal plans providing access to campus dining facilities.
What tech courses are available?,"Courses in computer science, AI, cybersecurity, and data analytics are offered for tech enthusiasts."
Are there non-tech courses available?,"Non-tech options include psychology, business management, media studies, and literature programs."
Can students switch courses after admission?,"Course changes are allowed during the add-drop period, subject to academic regulations."
Are interdisciplinary courses available?,"Indeed, students can enroll in interdisciplinary electives blending technology, business, and humanities."
What are the hostel facilities available?,"The hostel provides furnished rooms, Wi-Fi, laundry services, and common rooms for recreation."
Could you explain how can I apply for hostel accommodation?,You can apply for hostel accommodation through the student portal during the admission process.
Are there separate hostels for boys and girls?,"Indeed, the campus has separate hostels for boys and girls, each with dedicated wardens."
Could you describe what are the hostel rules and timings?,"Hostel rules include curfew timings, visitor policies, and guidelines to ensure a safe living environment."
What is the admission process?,"Admissions are based on entrance exams, merit, and interviews, depending on the program."
Are there any entrance exams required?,"Indeed, some programs require entrance exams. Check the admissions brochure for details."
What documents are needed for admission?,"You need academic transcripts, ID proof, entrance exam scores, and passport-sized photos."
Is there any admission helpline available?,"Yes, the admissions office provides support via email and phone during business hours."
What scholarships are offered?,"Merit-based, need-based, and sports scholarships are available. Details are on the scholarships page."
Could you explain how to apply for scholarships?,Submit the scholarship form online along with required documents during the admission process.
Are scholarships renewed every year?,Scholarships are renewed annually based on academic performance and other criteria.
Is there financial aid for international students?,"Yes, limited scholarships are available for international students based on merit and need."
Could you describe what is campus life like?,"Campus life is vibrant, with various clubs, cultural events, and academic activities throughout the year."
Are there common areas for students to relax?,"Absolutely, there are student lounges, gardens, and recreational areas for students to relax and socialize."
What safety measures are in place on campus?,"The campus has 24/7 security, CCTV surveillance, and emergency response systems."
Are there any mentorship programs?,"Yes, mentorship programs connect students with faculty and senior peers for guidance."
How is the hostel environment?,"The hostel offers a supportive environment with study groups, recreational activities, and cultural nights."
What are the dining options in the hostel?,The hostel mess provides nutritious meals with vegetarian and non-vegetarian options.
Is there Wi-Fi available in hostels?,"Yes, all hostels have high-speed Wi-Fi for academic and personal use."
Could you describe what recreational activities are available in hostels?,"Hostels have indoor games, TV rooms, and fitness areas for relaxation and leisure."
How do I join campus clubs?,Join clubs during the annual club fair or by signing up with the respective club coordinators.
What are the popular clubs on campus?,"Popular clubs include coding clubs, dance societies, debate teams, and photography groups."
Are there inter-college competitions?,"Yes, students regularly participate in inter-college technical, cultural, and sports competitions."
Can students form new clubs?,Students can propose new clubs by submitting a plan to the student council for approval.
What are popular after-college activities?,"Students engage in workshops, part-time jobs, and explore local attractions after classes."
Are there evening sports sessions?,"Yes, evening sports sessions are held on the sports ground, including football and cricket matches."
Is there support for performing arts?,"Yes, cultural committees support music, dance, and theater activities with regular performances."
Can students volunteer for social causes?,Volunteer opportunities are available with campus clubs and local NGOs for community service.
What food options are available on campus?,The campus has multiple food courts offering diverse cuisines at affordable prices.
Are there vegetarian food options?,"Absolutely, vegetarian options are available in all campus eateries and the hostel mess."
Does the campus have cafes?,"Indeed, there are cafes serving snacks, beverages, and light meals perfect for study breaks."
Are late-night snacks available?,"Yes, some cafes and vending machines are accessible late at night for snacks."
What are the library timings?,The library is open from 8 AM to 10 PM on weekdays and 9 AM to 5 PM on weekends.
Can I borrow books from the library?,"Yes, students can borrow books using their ID card for a specified duration."
Are digital resources available?,"Certainly, the library offers access to e-books, journals, and research databases."
Is there a quiet study area?,"Indeed, designated quiet zones are available in the library for focused study."
Is there a gym on campus?,"Yes, the campus gym is equipped with modern fitness equipment and personal trainers."
What are the gym timings?,"The gym is open from 6 AM to 9 PM, with separate sessions for men and women."
Are there group fitness classes?,"Yes, group fitness classes like yoga, Zumba, and aerobics are conducted regularly."
Do students need to pay for the gym?,"Gym membership is included in hostel fees, and day scholars can subscribe separately."
What are the placement statistics?,The placement cell publishes annual reports showcasing placement percentages and top recruiters.
Which companies visit for placements?,"Top companies from IT, finance, and consulting sectors visit for campus placements."
Is there pre-placement training?,"Yes, pre-placement training includes mock interviews, resume building, and aptitude tests."
Where can I find information on do I register for placements?,Register through the placement portal by submitting required documents and preferences.
What awards are given to students?,"Awards include academic excellence, leadership, innovation, and community service recognitions."
Are there scholarships for top performers?,"Absolutely, top-performing students receive merit scholarships and academic awards each semester."
How are award winners selected?,"Award recipients are chosen based on academic records, extracurricular achievements, and leadership roles."
Is there a convocation ceremony?,"Yes, the convocation ceremony includes degree conferral and award presentations for graduates."
Could you describe what is the faculty-student ratio?,The faculty-student ratio ensures personalized attention and effective mentorship.
Are faculty members industry-experienced?,Many faculty members have extensive industry experience and academic expertise.
How accessible are faculty members?,Faculty members are available during office hours and by appointment for student consultations.
Do faculties engage in research?,"Yes, faculty members actively participate in research projects and publish in reputed journals."
What sports facilities are available?,"Facilities include cricket grounds, football fields, tennis courts, and indoor sports complexes."
Are there sports scholarships?,"Indeed, sports scholarships are awarded based on performance in national and state-level events."
Is there a sports fest?,An annual sports fest invites participation from various colleges in multiple disciplines.
Can beginners join sports teams?,"Yes, beginners can join training sessions and represent the college after selection trials."
Can you tell me what major events are held on campus?,"Annual tech fests, cultural nights, and sports tournaments are key highlights of campus life."
How can I participate in events?,Event registrations are announced on the student portal and campus notice boards.
Are there guest lectures?,Renowned industry experts and alumni are invited for guest lectures throughout the academic year.
Could you describe what cultural festivals are organized?,"Cultural festivals include dance competitions, music shows, and drama performances celebrating diversity."
Does the college offer online courses?,"Absolutely, online certifications in data science, AI, and management are available through partner platforms."
Are online courses part of the curriculum?,Some online courses are integrated into the curriculum for skill enhancement.
Can students get credits for online courses?,"Absolutely, select online courses are credit-eligible after meeting performance criteria."
What platforms offer online learning?,"Partnerships with Coursera, edX, and Udacity enable access to various professional courses."
Does the college provide internship opportunities?,The placement cell collaborates with companies to offer internships in various domains.
Are internships mandatory for graduation?,Internships are mandatory for certain programs as part of the curriculum.
Can students pursue international internships?,"Yes, international internship opportunities are available through global partnerships."
How do I apply for internships?,Students can apply via the placement portal or approach faculty advisors for guidance.
What on-campus facilities are available?,"Facilities include health centers, bookstores, stationery shops, and banking services."
Are there part-time jobs on campus?,"Indeed, part-time roles like library assistants and research aides are available for students."
Is on-campus accommodation available for all students?,"Hostel accommodation is provided on a first-come, first-served basis with priority for freshmen."
Are there meal plans for day scholars?,Day scholars can opt for meal plans providing access to campus dining facilities.
Could you describe what tech courses are available?,"Courses in computer science, AI, cybersecurity, and data analytics are offered for tech enthusiasts."
Are there non-tech courses available?,"Non-tech options include psychology, business management, media studies, and literature programs."
Can students switch courses after admission?,"Course changes are allowed during the add-drop period, subject to academic regulations."
Are interdisciplinary courses available?,"Yes, students can enroll in interdisciplinary electives blending technology, business, and humanities."
What are the hostel facilities available?,"The hostel provides furnished rooms, Wi-Fi, laundry services, and common rooms for recreation."
Where can I find information on can I apply for hostel accommodation?,One can apply for hostel accommodation through the student portal during the admission process.
Are there separate hostels for boys and girls?,"Yes, the campus has separate hostels for boys and girls, each with dedicated wardens."
What are the hostel rules and timings?,"Hostel rules include curfew timings, visitor policies, and guidelines to ensure a safe living environment."
What is the admission process?,"Admissions are based on entrance exams, merit, and interviews, depending on the program."
Are there any entrance exams required?,"Yes, some programs require entrance exams. Check the admissions brochure for details."
I would like to know what documents are needed for admission?,"You need academic transcripts, ID proof, entrance exam scores, and passport-sized photos."
Is there any admission helpline available?,"Yes, the admissions office provides support via email and phone during business hours."
What scholarships are offered?,"Merit-based, need-based, and sports scholarships are available. Details are on the scholarships page."
How to apply for scholarships?,Submit the scholarship form online along with required documents during the admission process.
Are scholarships renewed every year?,Scholarships are renewed annually based on academic performance and other criteria.
Is there financial aid for international students?,"Indeed, limited scholarships are available for international students based on merit and need."
Could you describe what is campus life like?,"Campus life is vibrant, with various clubs, cultural events, and academic activities throughout the year."
Are there common areas for students to relax?,"Yes, there are student lounges, gardens, and recreational areas for students to relax and socialize."
What safety measures are in place on campus?,"The campus has 24/7 security, CCTV surveillance, and emergency response systems."
Are there any mentorship programs?,"Yes, mentorship programs connect students with faculty and senior peers for guidance."
How is the hostel environment?,"The hostel offers a supportive environment with study groups, recreational activities, and cultural nights."
What are the dining options in the hostel?,The hostel mess provides nutritious meals with vegetarian and non-vegetarian options.
Is there Wi-Fi available in hostels?,"Indeed, all hostels have high-speed Wi-Fi for academic and personal use."
Can you tell me what recreational activities are available in hostels?,"Hostels have indoor games, TV rooms, and fitness areas for relaxation and leisure."
Where can I find information on do I join campus clubs?,Join clubs during the annual club fair or by signing up with the respective club coordinators.
What are the popular clubs on campus?,"Popular clubs include coding clubs, dance societies, debate teams, and photography groups."
Are there inter-college competitions?,"Yes, students regularly participate in inter-college technical, cultural, and sports competitions."
Can students form new clubs?,Students can propose new clubs by submitting a plan to the student council for approval.
Can you tell me what are popular after-college activities?,"Students engage in workshops, part-time jobs, and explore local attractions after classes."
Are there evening sports sessions?,"Absolutely, evening sports sessions are held on the sports ground, including football and cricket matches."
Is there support for performing arts?,"Yes, cultural committees support music, dance, and theater activities with regular performances."
Can students volunteer for social causes?,Volunteer opportunities are available with campus clubs and local NGOs for community service.
What food options are available on campus?,The campus has multiple food courts offering diverse cuisines at affordable prices.
Are there vegetarian food options?,"Indeed, vegetarian options are available in all campus eateries and the hostel mess."
Does the campus have cafes?,"Yes, there are cafes serving snacks, beverages, and light meals perfect for study breaks."
Are late-night snacks available?,"Yes, some cafes and vending machines are accessible late at night for snacks."
I would like to know what are the library timings?,The library is open from 8 AM to 10 PM on weekdays and 9 AM to 5 PM on weekends.
Can I borrow books from the library?,"Yes, students can borrow books using their ID card for a specified duration."
Are digital resources available?,"Yes, the library offers access to e-books, journals, and research databases."
Is there a quiet study area?,"Indeed, designated quiet zones are available in the library for focused study."
Is there a gym on campus?,"Yes, the campus gym is equipped with modern fitness equipment and personal trainers."
I would like to know what are the gym timings?,"The gym is open from 6 AM to 9 PM, with separate sessions for men and women."
Are there group fitness classes?,"Yes, group fitness classes like yoga, Zumba, and aerobics are conducted regularly."
Do students need to pay for the gym?,"Gym membership is included in hostel fees, and day scholars can subscribe separately."
What are the placement statistics?,The placement cell publishes annual reports showcasing placement percentages and top recruiters.
Which companies visit for placements?,"Top companies from IT, finance, and consulting sectors visit for campus placements."
Is there pre-placement training?,"Yes, pre-placement training includes mock interviews, resume building, and aptitude tests."
Could you explain how do I register for placements?,Register through the placement portal by submitting required documents and preferences.
What awards are given to students?,"Awards include academic excellence, leadership, innovation, and community service recognitions."
Are there scholarships for top performers?,"Yes, top-performing students receive merit scholarships and academic awards each semester."
Could you explain how are award winners selected?,"Award recipients are chosen based on academic records, extracurricular achievements, and leadership roles."
Is there a convocation ceremony?,"Certainly, the convocation ceremony includes degree conferral and award presentations for graduates."
What is the faculty-student ratio?,The faculty-student ratio ensures personalized attention and effective mentorship.
Are faculty members industry-experienced?,Many faculty members have extensive industry experience and academic expertise.
How accessible are faculty members?,Faculty members are available during office hours and by appointment for student consultations.
Do faculties engage in research?,"Indeed, faculty members actively participate in research projects and publish in reputed journals."
Can you tell me what sports facilities are available?,"Facilities include cricket grounds, football fields, tennis courts, and indoor sports complexes."
Are there sports scholarships?,"Yes, sports scholarships are awarded based on performance in national and state-level events."
Is there a sports fest?,An annual sports fest invites participation from various colleges in multiple disciplines.
Can beginners join sports teams?,"Yes, beginners can join training sessions and represent the college after selection trials."
What major events are held on campus?,"Annual tech fests, cultural nights, and sports tournaments are key highlights of campus life."
How can I participate in events?,Event registrations are announced on the student portal and campus notice boards.
Are there guest lectures?,Renowned industry experts and alumni are invited for guest lectures throughout the academic year.
What cultural festivals are organized?,"Cultural festivals include dance competitions, music shows, and drama performances celebrating diversity."
Does the college offer online courses?,"Yes, online certifications in data science, AI, and management are available through partner platforms."
Are online courses part of the curriculum?,Some online courses are integrated into the curriculum for skill enhancement.
Can students get credits for online courses?,"Certainly, select online courses are credit-eligible after meeting performance criteria."
What platforms offer online learning?,"Partnerships with Coursera, edX, and Udacity enable access to various professional courses."
Does the college provide internship opportunities?,The placement cell collaborates with companies to offer internships in various domains.
Are internships mandatory for graduation?,Internships are mandatory for certain programs as part of the curriculum.